ID,prediction
28800,0.5682921321804798
28801,0.6531416424263817
28802,0.5514417947790616
