ID,prediction
28800,0.48901883
28801,0.63434577
28802,0.43086213
